City_ID,City,Country,Date,Lat,Lng,Max Temp,Humidity,Cloudiness,Wind Speed
0,Demyanovo,RU,2022-02-11 00:11:51,60.3511,47.0842,19.65,94,100,8.1
1,Tautira,PF,2022-02-11 00:11:51,-17.7333,-149.15,87.82,70,59,11.72
2,Arraial Do Cabo,BR,2022-02-11 00:11:52,-22.9661,-42.0278,73.44,84,100,2.01
3,Saint-Francois,FR,2022-02-11 00:11:52,46.4154,3.9054,47.41,92,100,0.0
4,Fort Nelson,CA,2022-02-11 00:11:52,58.8053,-122.7002,36.99,38,40,20.71
5,Avarua,CK,2022-02-11 00:02:23,-21.2078,-159.775,84.25,70,40,14.97
6,Tuktoyaktuk,CA,2022-02-11 00:11:53,69.4541,-133.0374,-15.45,96,100,17.69
7,Albany,US,2022-02-11 00:07:43,42.6001,-73.9662,37.08,82,50,4.68
8,Mar Del Plata,AR,2022-02-11 00:00:29,-38.0023,-57.5575,74.08,90,0,24.0
9,Gurlan,UZ,2022-02-11 00:11:54,41.8447,60.3919,39.27,57,100,4.76
10,Ushuaia,AR,2022-02-11 00:07:05,-54.8,-68.3,44.85,89,100,4.88
11,Tres Picos,MX,2022-02-11 00:11:54,15.8667,-93.5333,79.81,61,1,4.41
12,Hobyo,SO,2022-02-11 00:11:55,5.3505,48.5268,74.98,65,51,20.04
13,Faanui,PF,2022-02-11 00:11:55,-16.4833,-151.75,81.86,73,45,15.32
14,Nikolskoye,RU,2022-02-11 00:07:19,59.7035,30.7861,34.88,87,98,9.78
15,Mataura,NZ,2022-02-11 00:11:55,-46.1927,168.8643,62.47,71,100,4.14
16,Hermanus,ZA,2022-02-11 00:11:56,-34.4187,19.2345,62.91,78,0,2.39
17,Zhezkazgan,KZ,2022-02-11 00:09:18,47.8043,67.7144,10.38,85,20,15.66
18,Edd,ER,2022-02-11 00:11:57,13.9297,41.6925,78.55,62,36,15.12
19,Rikitea,PF,2022-02-11 00:11:57,-23.1203,-134.9692,79.5,71,59,16.6
20,Port Hardy,CA,2022-02-11 00:07:39,50.6996,-127.4199,51.76,81,69,9.82
21,Castro,BR,2022-02-11 00:07:30,-24.7911,-50.0119,63.86,83,16,8.41
22,Butaritari,KI,2022-02-11 00:11:58,3.0707,172.7902,81.9,79,39,18.03
23,Mahajanga,MG,2022-02-11 00:11:58,-15.7167,46.3167,77.02,94,40,2.3
24,Georgetown,MY,2022-02-11 00:00:38,5.4112,100.3354,78.89,89,20,0.0
25,Hobart,AU,2022-02-11 00:03:20,-42.8794,147.3294,66.06,44,40,12.66
26,Portland,US,2022-02-10 23:58:56,45.5234,-122.6762,57.65,77,27,5.01
27,Te Anau,NZ,2022-02-11 00:11:59,-45.4167,167.7167,72.28,50,12,1.81
28,Gigmoto,PH,2022-02-11 00:11:59,13.7796,124.39,78.22,78,100,11.27
29,Kapaa,US,2022-02-11 00:04:46,22.0752,-159.319,80.19,66,100,4.61
30,Potsdam,DE,2022-02-11 00:12:00,52.3989,13.0657,43.09,94,100,6.04
31,Punta Arenas,CL,2022-02-11 00:12:00,-53.15,-70.9167,48.11,61,75,21.85
32,Provideniya,RU,2022-02-11 00:07:24,64.3833,-173.3,-5.69,59,0,4.47
33,Busselton,AU,2022-02-11 00:07:15,-33.65,115.3333,75.06,44,0,3.31
34,Tocopilla,CL,2022-02-11 00:12:01,-22.092,-70.1979,68.5,68,14,6.13
35,Puerto Ayora,EC,2022-02-11 00:02:13,-0.7393,-90.3518,76.55,90,96,3.0
36,Iqaluit,CA,2022-02-11 00:08:33,63.7506,-68.5145,-5.31,83,100,3.0
37,Upernavik,GL,2022-02-11 00:12:02,72.7868,-56.1549,-11.56,99,94,6.71
38,Saint-Philippe,RE,2022-02-11 00:12:03,-21.3585,55.7679,74.79,80,18,5.28
39,Mahebourg,MU,2022-02-11 00:08:57,-20.4081,57.7,74.25,81,15,5.06
40,Victoria,HK,2022-02-11 00:07:35,22.2855,114.1577,65.17,83,100,5.01
41,Carnarvon,AU,2022-02-11 00:13:03,-24.8667,113.6333,84.27,65,81,8.05
42,Aksarka,RU,2022-02-11 00:11:00,66.5606,67.7975,8.85,91,97,18.28
43,Port Alfred,ZA,2022-02-11 00:13:04,-33.5906,26.891,69.62,81,86,5.55
44,Tuy Hoa,VN,2022-02-11 00:09:43,13.0833,109.3,73.65,90,49,3.91
45,Necochea,AR,2022-02-11 00:02:14,-38.5473,-58.7368,68.04,70,57,9.42
46,Vila Velha,BR,2022-02-11 00:13:04,-20.3297,-40.2925,76.95,87,100,5.99
47,Podyuga,RU,2022-02-11 00:13:05,61.095,40.8647,25.48,95,100,5.5
48,Port Keats,AU,2022-02-11 00:13:05,-14.25,129.55,83.62,74,94,3.51
49,Enshi,CN,2022-02-11 00:13:05,30.3,109.4833,42.06,94,100,1.03
50,Liesti,RO,2022-02-11 00:13:06,45.6167,27.5167,41.09,70,5,10.89
51,Murnau,DE,2022-02-11 00:13:06,48.2302,12.2943,43.57,88,89,6.78
52,Aloleng,PH,2022-02-11 00:13:08,16.1307,119.7824,78.6,66,88,9.42
53,Torbay,CA,2022-02-11 00:13:08,47.6666,-52.7314,33.28,92,42,3.0
54,Geraldton,AU,2022-02-11 00:08:33,-28.7667,114.6,77.41,61,35,8.05
55,Hamina,FI,2022-02-11 00:13:08,60.5697,27.1979,25.88,95,19,9.8
56,Emerald,AU,2022-02-11 00:11:13,-23.5333,148.1667,84.34,51,0,2.91
57,Bredasdorp,ZA,2022-02-11 00:13:09,-34.5322,20.0403,54.28,76,0,3.44
58,Sao Felix Do Xingu,BR,2022-02-11 00:13:09,-6.6447,-51.995,73.22,98,100,1.1
59,Tasiilaq,GL,2022-02-11 00:13:10,65.6145,-37.6368,15.96,57,60,7.31
60,Atyrau,KZ,2022-02-11 00:13:10,47.1167,51.8833,28.42,93,75,8.95
61,Mayo,US,2022-02-11 00:08:52,38.8876,-76.5119,51.31,52,0,3.44
62,Barcelos,PT,2022-02-11 00:13:11,41.5388,-8.6151,55.85,78,88,3.74
63,Nikolayevka,RU,2022-02-11 00:13:11,53.1257,47.2041,18.39,97,95,4.43
64,Barrow,US,2022-02-11 00:13:11,71.2906,-156.7887,-16.58,69,100,9.22
65,Atuona,PF,2022-02-11 00:13:12,-9.8,-139.0333,78.39,76,5,16.2
66,Cidreira,BR,2022-02-11 00:13:12,-30.1811,-50.2056,74.43,81,6,18.9
67,Aykhal,RU,2022-02-11 00:13:12,66.0,111.5,-3.59,99,99,5.14
68,Alcudia,ES,2022-02-11 00:13:13,39.8532,3.1214,47.37,75,0,2.57
69,Ambilobe,MG,2022-02-11 00:13:13,-13.2,49.05,73.4,98,100,3.85
70,Acapulco,MX,2022-02-11 00:12:28,16.8634,-99.8901,80.42,74,75,4.61
71,Thessalon,CA,2022-02-11 00:13:14,46.2501,-83.5666,21.69,93,77,7.9
72,Dingle,PH,2022-02-11 00:08:37,10.9995,122.6711,77.41,81,98,10.18
73,Ahipara,NZ,2022-02-11 00:13:14,-35.1667,173.1667,78.04,83,98,9.91
74,Canutama,BR,2022-02-11 00:13:15,-6.5339,-64.3831,76.01,89,73,2.08
75,Biled,RO,2022-02-11 00:13:15,45.8864,20.9589,38.98,83,20,4.88
76,Coihaique,CL,2022-02-11 00:08:40,-45.5752,-72.0662,52.41,43,20,6.91
77,Nuuk,GL,2022-02-11 00:10:56,64.1835,-51.7216,29.01,74,75,20.71
78,Ponnampet,IN,2022-02-11 00:13:16,12.15,75.9333,57.92,59,34,3.69
79,Lompoc,US,2022-02-11 00:13:16,34.6391,-120.4579,83.12,33,0,4.38
80,Guymon,US,2022-02-11 00:13:16,36.6828,-101.4816,58.95,24,0,12.66
81,Huilong,CN,2022-02-11 00:13:17,31.8111,121.655,47.03,77,86,6.71
82,Bonavista,CA,2022-02-11 00:13:17,48.6499,-53.1147,34.12,86,11,11.63
83,Nesoddtangen,NO,2022-02-11 00:13:18,59.8655,10.6594,35.47,59,44,3.78
84,Saint George,US,2022-02-11 00:11:29,37.1041,-113.5841,68.47,27,0,3.44
85,New Norfolk,AU,2022-02-11 00:14:18,-42.7826,147.0587,65.75,36,55,1.99
86,Harper,LR,2022-02-11 00:04:39,4.375,-7.7169,78.98,90,4,7.99
87,Cabedelo,BR,2022-02-11 00:04:32,-6.9811,-34.8339,81.27,74,12,13.8
88,Cherskiy,RU,2022-02-11 00:14:19,68.75,161.3,-32.73,98,100,6.58
89,Truth Or Consequences,US,2022-02-11 00:14:19,33.1284,-107.2528,62.83,17,0,4.61
90,Salamiyah,SY,2022-02-11 00:14:20,35.0113,37.0532,42.53,89,58,6.06
91,Port Moresby,PG,2022-02-11 00:04:50,-9.4431,147.1797,84.56,56,100,5.48
92,Chake Chake,TZ,2022-02-11 00:14:20,-5.2459,39.7666,77.45,81,99,8.59
93,Port Lincoln,AU,2022-02-11 00:08:07,-34.7333,135.8667,65.77,62,7,16.02
94,Ixtapa,MX,2022-02-11 00:01:50,20.7,-105.2,74.23,75,0,4.0
95,Puerto Baquerizo Moreno,EC,2022-02-11 00:14:21,-0.9,-89.6,74.66,81,96,6.87
96,Port Hawkesbury,CA,2022-02-11 00:14:21,45.6169,-61.3485,34.92,84,22,3.0
97,Severo-Kurilsk,RU,2022-02-11 00:06:03,50.6789,156.125,28.71,72,84,7.25
98,Launceston,AU,2022-02-11 00:14:22,-41.45,147.1667,71.15,41,8,11.5
99,Vardo,NO,2022-02-11 00:14:23,70.3705,31.1107,24.49,84,80,15.48
100,Pljevlja,ME,2022-02-11 00:14:23,43.3333,19.3333,28.94,83,3,4.43
101,Longyearbyen,SJ,2022-02-11 00:14:24,78.2186,15.6401,22.84,74,75,3.44
102,Ponta Do Sol,PT,2022-02-11 00:06:00,32.6667,-17.1,67.71,48,100,3.78
103,Izumo,JP,2022-02-11 00:14:24,35.3667,132.7667,42.51,81,92,0.96
104,Rovaniemi,FI,2022-02-11 00:14:24,66.5,25.7167,24.21,100,100,9.22
105,Araouane,ML,2022-02-11 00:09:42,18.9048,-3.5265,62.98,19,12,12.55
106,Saskylakh,RU,2022-02-11 00:14:25,71.9167,114.0833,3.16,93,99,12.48
107,Abu Samrah,SY,2022-02-11 00:14:25,35.3029,37.1841,43.79,85,70,6.44
108,Bethel,US,2022-02-11 00:14:26,41.3712,-73.414,46.49,56,100,5.75
109,Caravelas,BR,2022-02-11 00:07:13,-17.7125,-39.2481,77.31,87,3,6.2
110,Pahrump,US,2022-02-11 00:13:29,36.2083,-115.9839,74.25,19,0,11.99
111,East London,ZA,2022-02-11 00:14:26,-33.0153,27.9116,70.02,82,23,4.45
112,Luderitz,NA,2022-02-11 00:14:27,-26.6481,15.1594,71.28,58,28,16.46
113,Port Elizabeth,ZA,2022-02-11 00:14:27,-33.918,25.5701,64.13,85,24,4.07
114,Ribeira Grande,PT,2022-02-11 00:05:58,38.5167,-28.7,59.85,73,100,6.78
115,Ilulissat,GL,2022-02-11 00:14:28,69.2167,-51.1,-2.18,55,100,1.14
116,Lebu,CL,2022-02-11 00:07:14,-37.6167,-73.65,57.97,73,31,26.46
117,Anahuac,MX,2022-02-11 00:14:28,27.2333,-100.15,71.1,46,100,7.18
118,Buarcos,PT,2022-02-11 00:14:28,40.166,-8.8768,52.79,80,91,2.59
119,Chokurdakh,RU,2022-02-11 00:14:29,70.6333,147.9167,-28.01,91,44,8.81
120,Kutum,SD,2022-02-11 00:14:29,14.2,24.6667,52.63,25,0,7.49
121,Aranos,NA,2022-02-11 00:14:29,-24.1333,19.1167,73.17,59,91,3.47
122,Jamestown,US,2022-02-11 00:14:30,42.097,-79.2353,33.3,68,100,11.5
123,Hilo,US,2022-02-11 00:14:30,19.7297,-155.09,80.33,68,0,9.22
124,Saldanha,ZA,2022-02-11 00:14:30,-33.0117,17.9442,59.05,84,0,11.01
125,Dapdap,PH,2022-02-11 00:14:31,12.062,125.4881,79.0,86,100,14.83
126,Khatanga,RU,2022-02-11 00:14:31,71.9667,102.5,-5.06,97,72,13.13
127,Volnovakha,UA,2022-02-11 00:14:31,47.601,37.4967,35.94,94,100,6.15
128,Talnakh,RU,2022-02-11 00:14:32,69.4865,88.3972,-12.12,94,47,12.3
129,Vaini,TO,2022-02-11 00:14:32,-21.2,-175.2,81.68,79,49,20.42
130,Cape Town,ZA,2022-02-11 00:15:33,-33.9258,18.4232,64.27,71,0,6.91
131,Dunedin,NZ,2022-02-11 00:15:33,-45.8742,170.5036,67.8,72,41,5.57
132,Cairns,AU,2022-02-11 00:12:54,-16.9167,145.7667,90.07,68,3,2.3
133,Carutapera,BR,2022-02-11 00:15:33,-1.195,-46.02,75.51,94,100,5.32
134,Xuchang,CN,2022-02-11 00:15:34,34.0167,113.8167,36.48,77,100,4.29
135,Lakes Entrance,AU,2022-02-11 00:15:34,-37.8811,147.981,70.16,57,48,9.69
136,Kahului,US,2022-02-11 00:11:25,20.8947,-156.47,82.42,66,40,10.36
137,Kurilsk,RU,2022-02-11 00:12:16,45.2333,147.8833,24.3,65,85,4.03
138,Ekhabi,RU,2022-02-11 00:15:35,53.5102,142.9671,25.75,96,100,7.07
139,Mehamn,NO,2022-02-11 00:15:35,71.0357,27.8492,24.57,93,99,12.97
140,Prince Rupert,CA,2022-02-11 00:15:07,54.3161,-130.3201,41.09,65,100,9.22
141,Marsh Harbour,BS,2022-02-11 00:15:36,26.5412,-77.0636,72.91,75,81,12.97
142,Kodiak,US,2022-02-11 00:07:13,57.79,-152.4072,35.11,69,100,24.16
143,Charleston,US,2022-02-11 00:13:30,32.7766,-79.9309,58.32,60,100,9.22
144,Nalut,LY,2022-02-11 00:15:36,30.3333,10.85,45.82,65,2,11.59
145,Port Macquarie,AU,2022-02-11 00:15:37,-31.4333,152.9167,80.89,56,84,13.2
146,Qaanaaq,GL,2022-02-11 00:15:37,77.484,-69.3632,-19.73,58,52,5.28
147,Bacolod,PH,2022-02-11 00:15:39,10.6667,122.95,78.39,83,98,14.61
148,Abha,SA,2022-02-11 00:15:39,18.2164,42.5053,53.42,87,0,0.0
149,Nanton,CA,2022-02-11 00:15:39,50.3501,-113.7687,44.89,35,90,15.46
150,Sitka,US,2022-02-11 00:10:50,57.0531,-135.33,37.29,52,100,0.0
151,Lavrentiya,RU,2022-02-11 00:15:40,65.5833,-171.0,-24.18,97,61,1.77
152,Eureka,US,2022-02-11 00:15:40,40.8021,-124.1637,75.13,58,0,2.8
153,Urusha,RU,2022-02-11 00:15:41,54.05,122.9,-7.64,89,100,3.13
154,Ruwi,OM,2022-02-11 00:15:41,23.5996,58.5507,64.09,59,0,4.09
155,Lokosovo,RU,2022-02-11 00:15:42,61.1333,74.8167,-12.91,99,17,5.68
156,Pevek,RU,2022-02-11 00:15:42,69.7008,170.3133,-29.36,97,100,8.79
157,San Quintin,MX,2022-02-11 00:15:42,30.4833,-115.95,69.48,30,0,4.34
158,Esperance,AU,2022-02-11 00:07:22,-33.8667,121.9,84.04,38,47,18.21
159,Thinadhoo,MV,2022-02-11 00:15:43,0.5333,72.9333,80.96,74,65,4.97
160,Yellowknife,CA,2022-02-11 00:15:37,62.456,-114.3525,-12.59,82,75,9.22
161,Praia Da Vitoria,PT,2022-02-11 00:15:43,38.7333,-27.0667,57.76,94,40,7.4
162,Kysyl-Syr,RU,2022-02-11 00:15:44,63.8986,122.7617,-40.0,100,58,1.57
163,Olinda,BR,2022-02-11 00:15:44,-8.0089,-34.8553,83.93,65,40,5.75
164,Pavlogradka,RU,2022-02-11 00:15:45,54.2024,73.5592,-23.19,100,38,6.73
165,Bima,ID,2022-02-11 00:15:45,-8.4667,118.7167,79.16,88,92,2.21
166,Calvia,ES,2022-02-11 00:15:45,39.5657,2.5062,46.08,89,0,4.45
167,Baykit,RU,2022-02-11 00:15:46,61.67,96.37,-17.5,97,7,2.82
168,Jalu,LY,2022-02-11 00:15:46,29.0331,21.5482,50.85,53,4,7.72
169,Kolyvan,RU,2022-02-11 00:15:47,55.3053,82.7391,-11.42,96,6,7.27
170,Mercedes,AR,2022-02-11 00:15:47,-34.6515,-59.4307,77.85,45,1,12.35
171,Mastung,PK,2022-02-11 00:15:48,29.7994,66.845,39.67,29,0,1.97
172,Miraflores,MX,2022-02-11 00:15:48,19.2167,-98.8083,65.03,46,98,7.05
173,Palivere,EE,2022-02-11 00:15:49,58.9664,23.8911,33.62,90,10,6.6
174,Chuy,UY,2022-02-11 00:07:16,-33.6971,-53.4616,70.36,75,3,11.32
175,Bubaque,GW,2022-02-11 00:15:49,11.2833,-15.8333,78.33,79,9,8.39
176,Araripe,BR,2022-02-11 00:15:49,-7.2125,-40.0461,73.36,63,100,0.83
177,Tayoltita,MX,2022-02-11 00:15:50,24.0833,-105.9333,66.61,26,48,4.85
178,Viedma,AR,2022-02-11 00:16:50,-40.8135,-62.9967,62.58,53,72,12.01
179,Napasar,IN,2022-02-11 00:16:51,27.9667,73.55,60.58,33,0,6.46
180,Damietta,EG,2022-02-11 00:16:51,31.4165,31.8133,55.56,62,61,9.8
181,Bandarbeyla,SO,2022-02-11 00:16:51,9.4942,50.8122,72.91,66,23,13.56
182,Souillac,MU,2022-02-11 00:16:52,-20.5167,57.5167,75.58,94,40,3.44
183,Mwinilunga,ZM,2022-02-11 00:16:52,-11.7358,24.4293,61.05,96,98,1.88
184,Bambous Virieux,MU,2022-02-11 00:16:53,-20.3428,57.7575,75.45,94,40,3.44
185,Palm Valley,US,2022-02-11 00:16:53,30.1775,-81.3876,60.06,66,48,7.25
186,Leningradskiy,RU,2022-02-11 00:16:53,69.3833,178.4167,-18.94,97,98,2.71
187,Namatanai,PG,2022-02-11 00:09:59,-3.6667,152.4333,83.75,71,96,5.37
188,Hualmay,PE,2022-02-11 00:16:54,-11.0964,-77.6139,71.28,77,79,7.27
189,Ostrovnoy,RU,2022-02-11 00:07:21,68.0531,39.5131,27.07,86,100,20.04
190,Eloy,US,2022-02-11 00:16:54,32.7559,-111.5548,79.52,18,0,6.6
191,Tuatapere,NZ,2022-02-11 00:16:55,-46.1333,167.6833,62.82,72,88,8.99
192,Kushiro,JP,2022-02-11 00:16:55,42.975,144.3747,20.35,73,20,3.44
193,Vanimo,PG,2022-02-11 00:16:55,-2.6741,141.3028,81.43,80,99,1.52
194,Elyria,US,2022-02-11 00:16:56,41.3684,-82.1077,35.19,75,100,10.36
195,San Lawrenz,MT,2022-02-11 00:16:56,36.0553,14.204,45.81,73,0,6.71
196,Sandur,IN,2022-02-11 00:16:57,15.1,76.55,66.25,60,4,7.27
197,Inuvik,CA,2022-02-11 00:16:58,68.3499,-133.7218,-13.94,76,100,4.61
198,Kaoma,ZM,2022-02-11 00:16:58,-14.7833,24.8,64.76,93,100,0.67
199,Pundaguitan,PH,2022-02-11 00:16:58,6.3711,126.1689,80.53,82,99,11.23
200,Shorewood,US,2022-02-11 00:16:59,41.52,-88.2017,28.58,82,100,5.75
201,Takapau,NZ,2022-02-11 00:16:59,-40.0333,176.35,74.44,79,100,1.45
202,Maniitsoq,GL,2022-02-11 00:16:59,65.4167,-52.9,18.57,90,100,14.07
203,Margate,GB,2022-02-11 00:17:00,51.3813,1.3862,40.69,75,19,7.0
204,Turka,UA,2022-02-11 00:17:00,49.1541,23.0297,38.8,92,92,8.23
205,Mount Gambier,AU,2022-02-11 00:17:01,-37.8333,140.7667,65.41,58,84,11.1
206,Chapada Dos Guimaraes,BR,2022-02-11 00:17:01,-15.4606,-55.7497,73.06,94,99,4.76
207,Biak,ID,2022-02-11 00:17:02,-0.9131,122.8766,78.55,79,87,2.8
208,Walvis Bay,NA,2022-02-11 00:17:02,-22.9575,14.5053,70.75,83,33,6.91
209,Fortuna,US,2022-02-11 00:17:02,40.5982,-124.1573,76.19,47,20,6.91
210,San Vicente,AR,2022-02-11 00:17:03,-26.6167,-54.1333,70.45,65,31,3.4
211,Moussoro,TD,2022-02-11 00:17:03,13.6408,16.4901,62.28,21,12,13.44
212,Beira,MZ,2022-02-11 00:17:04,-19.8436,34.8389,76.3,79,45,3.76
213,Arcangel,PH,2022-02-11 00:17:04,11.5395,122.3455,76.91,89,96,5.55
214,Alofi,NU,2022-02-11 00:17:04,-19.0595,-169.9187,85.89,66,40,11.5
215,Saint Anthony,US,2022-02-11 00:17:05,45.0205,-93.218,35.92,89,100,19.57
216,Yar-Sale,RU,2022-02-11 00:17:05,66.8333,70.8333,7.21,89,96,18.12
217,Haines Junction,CA,2022-02-11 00:17:06,60.7522,-137.5108,24.75,39,27,12.66
218,Nanyang,CN,2022-02-11 00:17:06,32.9947,112.5328,39.54,67,99,5.14
219,Tiksi,RU,2022-02-11 00:17:06,71.6872,128.8694,-9.8,92,100,14.18
220,Itarema,BR,2022-02-11 00:17:07,-2.9248,-39.9167,78.57,76,52,8.32
221,Port-Gentil,GA,2022-02-11 00:17:07,-0.7193,8.7815,80.65,82,81,10.33
222,Hithadhoo,MV,2022-02-11 00:17:08,-0.6,73.0833,81.01,71,91,5.73
223,Moyobamba,PE,2022-02-11 00:17:08,-6.05,-76.9667,67.37,98,76,0.43
224,Whitefish,US,2022-02-11 00:16:12,48.4111,-114.3376,53.35,28,0,2.15
225,Katsuura,JP,2022-02-11 00:17:09,35.1333,140.3,43.2,80,100,19.17
226,Batemans Bay,AU,2022-02-11 00:17:09,-35.7167,150.1833,72.19,76,99,8.77
227,Codrington,AU,2022-02-11 00:18:10,-38.2667,141.9667,64.56,58,71,16.24
228,Dire Dawa,ET,2022-02-11 00:18:10,9.5931,41.8661,62.92,58,1,3.44
229,Tenkodogo,BF,2022-02-11 00:18:10,11.78,-0.3697,77.31,12,0,9.19
230,Sokoni,TZ,2022-02-11 00:18:11,-6.4333,39.55,80.35,77,100,11.65
231,Umm Lajj,SA,2022-02-11 00:17:20,25.0213,37.2685,61.18,58,0,9.91
232,Clyde,US,2022-02-11 00:13:33,41.3042,-82.9752,33.55,84,82,11.32
233,Beloha,MG,2022-02-11 00:18:11,-25.1667,45.05,72.82,92,60,9.51
234,Hami,CN,2022-02-11 00:18:12,42.8,93.45,25.02,64,96,6.89
235,Bluff,NZ,2022-02-11 00:18:12,-46.6,168.3333,62.8,78,63,11.1
236,Bengkulu,ID,2022-02-11 00:18:13,-3.8004,102.2655,74.52,77,91,3.85
237,Berdigestyakh,RU,2022-02-11 00:18:13,62.0989,126.6992,-36.44,100,56,2.28
238,Vestmannaeyjar,IS,2022-02-11 00:18:14,63.4427,-20.2734,36.46,63,100,11.77
239,Isangel,VU,2022-02-11 00:07:43,-19.55,169.2667,81.57,88,100,21.36
240,Trapani,IT,2022-02-11 00:18:14,37.8333,12.6667,51.28,93,0,8.05
241,Bathsheba,BB,2022-02-11 00:11:14,13.2167,-59.5167,77.61,69,40,19.57
242,Lebedinyy,RU,2022-02-11 00:18:15,58.5167,125.5167,-29.45,99,100,3.06
243,Barmer,IN,2022-02-11 00:18:15,25.75,71.3833,57.96,36,0,5.68
244,Sindor,RU,2022-02-11 00:18:16,62.8629,51.8905,21.52,94,100,9.64
245,Batagay,RU,2022-02-11 00:18:16,67.6333,134.6333,-33.27,98,100,0.74
246,Kondoa,TZ,2022-02-11 00:18:16,-4.9,35.7833,60.6,93,77,2.33
247,Ratnagiri,IN,2022-02-11 00:18:17,16.9833,73.3,71.04,57,8,5.17
248,Fort Frances,CA,2022-02-11 00:15:37,48.5999,-93.4003,20.16,79,100,6.91
249,Saint-Georges,GD,2022-02-11 00:18:17,12.0564,-61.7485,78.48,73,20,18.41
250,Thompson,CA,2022-02-11 00:17:08,55.7435,-97.8558,-10.73,93,100,13.02
251,Kijang,KR,2022-02-11 00:18:19,35.2442,129.2139,35.33,41,29,4.45
252,Novyy Urgal,RU,2022-02-11 00:18:19,51.0736,132.5642,-0.13,97,99,1.03
253,Iracoubo,GF,2022-02-11 00:18:19,5.4802,-53.2011,76.78,85,68,11.68
254,Goderich,CA,2022-02-11 00:18:20,43.7501,-81.7165,30.52,69,100,12.66
255,Matay,EG,2022-02-11 00:18:20,28.419,30.7792,50.79,59,46,6.89
256,Kudahuvadhoo,MV,2022-02-11 00:18:21,2.6708,72.8944,80.82,75,61,9.8
257,Richards Bay,ZA,2022-02-11 00:18:21,-28.783,32.0377,70.74,89,5,4.59
258,Deception Bay,AU,2022-02-11 00:17:04,-27.2,153.0333,84.22,49,0,10.92
259,Lhokseumawe,ID,2022-02-11 00:18:22,5.1801,97.1507,75.29,85,99,4.14
260,Suluktu,KG,2022-02-11 00:18:22,39.9337,69.57,27.88,44,100,7.92
261,Samarai,PG,2022-02-11 00:18:22,-10.6167,150.6667,84.2,55,86,11.59
262,Torrington,US,2022-02-11 00:18:23,41.8007,-73.1212,44.55,71,13,7.9
263,Muros,ES,2022-02-11 00:18:23,42.7762,-9.0603,52.3,92,96,8.23
264,Haukipudas,FI,2022-02-11 00:18:24,65.1765,25.3523,26.65,90,100,9.98
265,Klaksvik,FO,2022-02-11 00:09:12,62.2266,-6.589,34.72,73,92,23.02
266,Tangshan,CN,2022-02-11 00:18:24,39.6333,118.1833,33.12,51,57,5.01
267,Kavieng,PG,2022-02-11 00:18:25,-2.5744,150.7967,82.0,77,78,5.7
268,Port Blair,IN,2022-02-11 00:18:25,11.6667,92.75,75.24,94,40,1.14
269,Norman Wells,CA,2022-02-11 00:18:25,65.282,-126.8329,6.69,69,100,17.05
270,Half Moon Bay,US,2022-02-11 00:18:26,37.4636,-122.4286,78.98,40,0,12.66
271,Bangkalan,ID,2022-02-11 00:18:26,-7.0455,112.7351,78.75,89,100,4.7
272,Ugoofaaru,MV,2022-02-11 00:18:27,5.6667,73.0,81.28,75,68,10.83
273,Altamont,US,2022-02-11 00:19:27,42.2068,-121.7372,64.24,34,0,5.75
274,Pentecoste,BR,2022-02-11 00:19:28,-3.7928,-39.2703,81.68,85,83,3.83
275,Bukama,CD,2022-02-11 00:19:28,-9.2,25.85,68.36,99,100,1.52
276,Saint-Augustin,CA,2022-02-11 00:19:29,51.226,-58.6502,28.85,97,100,9.13
277,Rio Grande,BR,2022-02-11 00:19:29,-32.035,-52.0986,73.94,79,27,20.98
278,Kuito,AO,2022-02-11 00:19:29,-12.3833,16.9333,56.79,96,100,5.26
279,Avera,US,2022-02-11 00:19:30,33.194,-82.5271,60.67,45,34,3.49
280,Talcahuano,CL,2022-02-11 00:15:20,-36.7167,-73.1167,60.8,66,90,13.29
281,Beringovskiy,RU,2022-02-11 00:19:30,63.05,179.3167,-21.35,92,26,5.26
282,Grand Gaube,MU,2022-02-11 00:19:31,-20.0064,57.6608,75.6,81,1,5.01
283,Maningrida,AU,2022-02-11 00:19:31,-12.0667,134.2667,82.98,78,92,8.95
284,Mutare,ZW,2022-02-11 00:19:31,-18.9707,32.6709,62.62,95,97,2.75
285,Karratha,AU,2022-02-11 00:19:32,-20.7377,116.8463,86.09,68,14,14.38
286,San Patricio,US,2022-02-11 00:19:32,28.017,-97.5169,66.61,48,100,6.35
287,General Roca,AR,2022-02-11 00:19:33,-39.0333,-67.5833,77.4,19,46,18.68
288,Aklavik,CA,2022-02-11 00:19:33,68.2191,-135.0107,-13.97,69,40,0.0
289,Kurumkan,RU,2022-02-11 00:19:33,54.3,110.3,-16.33,90,82,4.63
290,Troitsko-Pechorsk,RU,2022-02-11 00:19:34,62.7084,56.1964,20.43,92,100,10.85
291,Verkhoshizhemye,RU,2022-02-11 00:19:34,58.011,49.1038,17.53,95,100,6.31
292,Shanghai,CN,2022-02-11 00:18:48,31.2222,121.4581,46.92,66,100,8.95
293,Buala,SB,2022-02-11 00:19:34,-8.145,159.5921,83.08,78,91,11.12
294,Balkhash,KZ,2022-02-11 00:19:35,46.844,74.9804,1.85,89,36,9.42
295,Takoradi,GH,2022-02-11 00:19:35,4.8845,-1.7554,78.91,89,0,7.7
296,Tilichiki,RU,2022-02-11 00:19:35,60.4667,166.1,-8.86,74,26,7.23
297,Pouembout,NC,2022-02-11 00:19:36,-21.1333,164.9,80.8,89,100,13.76
298,Hamilton,US,2022-02-11 00:15:00,39.1834,-84.5333,40.08,58,0,8.05
299,Rio Gallegos,AR,2022-02-11 00:19:36,-51.6226,-69.2181,51.85,35,20,25.32
300,Waingapu,ID,2022-02-11 00:19:37,-9.6567,120.2641,78.37,84,100,3.18
301,Ancud,CL,2022-02-11 00:19:37,-41.8697,-73.8203,55.42,60,18,8.86
302,Solnechnyy,RU,2022-02-11 00:19:37,50.7214,136.6319,6.19,92,88,2.57
303,Belmonte,BR,2022-02-11 00:19:38,-15.8631,-38.8828,81.1,85,3,6.69
304,Klyuchi,RU,2022-02-11 00:19:38,52.2667,79.1667,-21.59,100,97,3.42
305,Pemba,MZ,2022-02-11 00:19:39,-12.974,40.5178,76.28,87,73,4.74
306,Pisco,PE,2022-02-11 00:19:39,-13.7,-76.2167,73.45,68,0,16.11
307,Jakar,BT,2022-02-11 00:19:40,27.5492,90.7525,26.08,87,67,3.89
308,Dong Hoi,VN,2022-02-11 00:19:40,17.4833,106.6,70.75,91,96,1.48
309,Kuopio,FI,2022-02-11 00:19:40,62.8924,27.677,26.55,86,0,11.5
310,North Bend,US,2022-02-11 00:19:41,43.4065,-124.2243,71.24,77,0,19.57
311,Kinkala,CG,2022-02-11 00:19:41,-4.3614,14.7644,70.18,94,70,3.78
312,Husavik,IS,2022-02-11 00:19:42,66.0449,-17.3389,31.91,74,77,16.98
313,Myitkyina,MM,2022-02-11 00:19:42,25.3833,97.4,55.51,82,64,2.46
314,Changying,CN,2022-02-11 00:19:42,52.8733,123.3213,-10.25,100,100,2.3
315,Karlovac,HR,2022-02-11 00:19:43,45.4872,15.5478,47.01,86,4,1.01
316,Juruti,BR,2022-02-11 00:19:43,-2.1522,-56.0922,75.78,92,88,3.2
317,Faridkot,IN,2022-02-11 00:20:44,30.6667,74.75,45.45,57,0,4.41
318,Krasnoselkup,RU,2022-02-11 00:20:44,65.7,82.4667,-10.1,87,15,10.2
319,Todos Santos,MX,2022-02-11 00:20:45,23.45,-110.2167,75.11,71,43,4.32
320,Zyryanka,RU,2022-02-11 00:20:45,65.75,150.85,-31.97,94,44,5.48
321,Faya,SA,2022-02-11 00:20:45,18.3851,42.4509,53.71,91,9,3.78
322,Aljezur,PT,2022-02-11 00:20:46,37.3191,-8.8033,55.98,67,100,4.61
323,Turkmenabat,TM,2022-02-11 00:20:46,39.0733,63.5786,49.01,40,89,12.5
324,Nanortalik,GL,2022-02-11 00:20:47,60.1432,-45.2371,27.21,56,100,6.89
325,Batagay-Alyta,RU,2022-02-11 00:20:47,67.8006,130.4114,-15.77,90,99,2.01
326,Bonoua,CI,2022-02-11 00:20:48,5.2741,-3.595,82.02,91,0,4.72
327,Purwakarta,ID,2022-02-11 00:20:48,-6.5569,107.4433,78.37,87,92,3.0
328,Vanavara,RU,2022-02-11 00:20:49,60.34,102.2797,-22.81,100,99,0.36
329,Benito Juarez,MX,2022-02-11 00:20:49,19.385,-99.165,66.0,32,75,11.5
330,Port Hedland,AU,2022-02-11 00:20:49,-20.3167,118.5667,86.05,70,6,14.97
331,Broome,US,2022-02-11 00:20:50,42.2506,-75.833,37.15,78,100,12.66
332,Luau,AO,2022-02-11 00:20:50,-10.7073,22.2247,62.15,95,100,3.2
333,Laguna,US,2022-02-11 00:20:51,38.421,-121.4238,77.23,47,0,5.75
334,Wattegama,LK,2022-02-11 00:20:51,6.7989,81.4808,70.63,93,80,2.84
335,Shiyan,CN,2022-02-11 00:20:51,32.6475,110.7781,39.69,73,94,1.72
336,Shimoda,JP,2022-02-11 00:20:52,34.6667,138.95,41.36,77,97,16.2
337,Alyangula,AU,2022-02-11 00:20:52,-13.8483,136.4192,85.59,61,66,5.5
338,Nago,JP,2022-02-11 00:20:52,26.5881,127.9761,64.56,63,43,6.87
339,Champerico,GT,2022-02-11 00:20:53,14.3,-91.9167,86.54,66,1,8.23
340,Kailua,US,2022-02-11 00:20:53,21.4022,-157.7394,80.58,62,0,10.36
341,Flinders,AU,2022-02-11 00:20:53,-34.5833,150.8552,71.8,91,95,11.88
342,Tema,GH,2022-02-11 00:20:54,5.667,-0.0166,82.81,89,20,6.91
343,Banda Aceh,ID,2022-02-11 00:20:54,5.5577,95.3222,77.72,82,76,4.74
344,Kruisfontein,ZA,2022-02-11 00:20:55,-34.0033,24.7314,60.87,89,20,3.02
345,Parabel,RU,2022-02-11 00:20:55,58.6978,81.4825,-22.45,100,73,2.53
346,Fukuma,JP,2022-02-11 00:20:56,33.7667,130.4667,50.29,54,93,7.52
347,Ende,ID,2022-02-11 00:20:56,-8.8432,121.6623,78.69,90,100,1.66
348,Ponta Delgada,PT,2022-02-11 00:20:56,37.7333,-25.6667,58.5,67,40,8.05
349,Gillette,US,2022-02-11 00:20:40,44.2911,-105.5022,52.72,36,40,24.16
350,The Valley,AI,2022-02-11 00:20:57,18.217,-63.0578,76.86,83,75,12.66
351,Ceres,US,2022-02-11 00:18:09,37.5949,-120.9577,75.78,37,0,0.0
352,Narsaq,GL,2022-02-11 00:20:57,60.9167,-46.05,14.22,59,89,8.32
353,Coahuayana,MX,2022-02-11 00:20:58,18.7333,-103.6833,85.48,41,0,5.23
354,Ponte Nova,BR,2022-02-11 00:17:40,-20.4164,-42.9086,69.13,98,100,1.79
355,Colares,PT,2022-02-11 00:20:58,38.7992,-9.4469,59.9,66,99,15.01
356,Kavaratti,IN,2022-02-11 00:20:59,10.5669,72.642,79.16,74,55,10.04
357,Bambanglipuro,ID,2022-02-11 00:20:59,-7.95,110.2833,78.48,83,100,4.83
358,Urumqi,CN,2022-02-11 00:21:00,43.801,87.6005,7.75,85,98,2.24
359,Pacific Grove,US,2022-02-11 00:18:26,36.6177,-121.9166,81.57,46,0,3.44
360,Vostok,RU,2022-02-11 00:21:00,46.4856,135.8833,13.57,93,100,1.21
361,Havelock,US,2022-02-11 00:21:00,34.8791,-76.9013,54.95,81,10,1.99
362,Luganville,VU,2022-02-11 00:21:01,-15.5333,167.1667,86.72,64,96,4.25
363,Luanda,AO,2022-02-11 00:21:01,-8.8368,13.2343,77.0,61,40,8.05
364,Hue,VN,2022-02-11 00:16:25,16.4667,107.6,69.91,94,75,3.44
365,Oranzherei,RU,2022-02-11 00:22:02,45.8476,47.5663,35.56,76,89,14.88
366,Raga,SS,2022-02-11 00:22:02,8.4596,25.678,74.77,17,36,8.28
367,Phangnga,TH,2022-02-11 00:22:03,8.4509,98.5298,80.82,90,96,3.22
368,Lagoa,PT,2022-02-11 00:22:03,39.05,-27.9833,58.75,73,97,4.83
369,Guerrero Negro,MX,2022-02-11 00:22:03,27.9769,-114.0611,73.38,27,0,10.87
370,Manoel Urbano,BR,2022-02-11 00:22:04,-8.8389,-69.2597,73.9,99,95,2.06
371,Belem De Sao Francisco,BR,2022-02-11 00:22:04,-8.7539,-38.9658,85.75,39,100,5.77
372,Mocuba,MZ,2022-02-11 00:22:05,-16.8392,36.9856,71.17,97,87,2.33
373,San Antonio,US,2022-02-11 00:20:47,29.4241,-98.4936,69.01,28,0,4.61
374,Nome,US,2022-02-11 00:22:05,64.5011,-165.4064,-7.53,71,75,4.61
375,Deputatskiy,RU,2022-02-11 00:22:05,69.3,139.9,-17.07,93,99,4.97
376,Sidi Ali,DZ,2022-02-11 00:22:06,36.0998,0.4206,48.43,84,26,1.07
377,Itum-Kale,RU,2022-02-11 00:22:06,42.7356,45.5758,29.7,87,20,4.76
378,Kungurtug,RU,2022-02-11 00:22:07,50.5994,97.5228,-28.57,99,42,1.54
379,San Luis,AR,2022-02-11 00:21:04,-33.295,-66.3356,82.62,25,71,5.1
380,Ahuimanu,US,2022-02-11 00:22:07,21.4447,-157.8378,80.31,60,0,11.5
381,Mezen,RU,2022-02-11 00:22:07,65.8522,44.24,23.63,92,100,12.28
382,Dalnerechensk,RU,2022-02-11 00:22:08,45.9339,133.7225,5.81,96,100,1.86
383,Baherden,TM,2022-02-11 00:18:06,38.4362,57.4316,53.8,39,100,8.25
384,Asahikawa,JP,2022-02-11 00:22:08,43.7678,142.3703,4.21,85,75,1.14
385,Pudozh,RU,2022-02-11 00:22:09,61.8099,36.5345,28.98,96,100,8.1
386,Hasaki,JP,2022-02-11 00:22:09,35.7333,140.8333,37.8,66,100,24.83
387,Kingori,TZ,2022-02-11 00:22:10,-3.2833,36.9833,67.42,62,67,4.65
388,Conde,BR,2022-02-11 00:22:10,-7.2597,-34.9075,80.06,78,20,6.91
389,Shache,CN,2022-02-11 00:22:11,38.4167,77.2406,31.53,39,67,6.31
390,Mincivan,AZ,2022-02-11 00:22:11,39.0294,46.7185,43.84,96,95,4.7
391,Chicama,PE,2022-02-11 00:22:12,-7.8447,-79.1469,70.34,68,64,7.54
392,Airai,TL,2022-02-11 00:22:12,-8.9266,125.4092,65.79,85,100,1.12
393,Lianzhou,CN,2022-02-11 00:22:13,24.7811,112.3825,49.37,97,100,1.86
394,Maxixe,MZ,2022-02-11 00:22:13,-23.8597,35.3472,73.06,82,0,5.97
395,Sao Joao Da Barra,BR,2022-02-11 00:22:13,-21.6403,-41.0511,72.73,94,94,7.83
396,Tessalit,ML,2022-02-11 00:22:14,20.1986,1.0114,62.98,14,21,11.27
397,Pafos,CY,2022-02-11 00:22:14,34.7667,32.4167,48.11,61,40,6.91
398,Pskov,RU,2022-02-11 00:22:14,57.8136,28.3496,33.71,86,100,6.71
399,Chara,RU,2022-02-11 00:22:15,56.9064,118.2631,-23.42,86,96,1.79
400,Lasa,IT,2022-02-11 00:22:15,46.6166,10.7002,36.86,76,13,2.84
401,Maniago,IT,2022-02-11 00:22:16,46.1706,12.7078,40.95,81,14,2.86
402,Hauterive,FR,2022-02-11 00:22:16,46.0901,3.4459,47.01,84,99,4.29
403,Praya,CV,2022-02-11 00:22:16,14.9215,-23.5087,77.54,41,0,12.66
404,Chumphon,TH,2022-02-11 00:22:17,10.3333,98.8333,69.91,98,100,1.54
405,Kaohsiung,TW,2022-02-11 00:22:17,22.6163,120.3133,64.35,90,40,6.91
406,Santa Maria,BR,2022-02-11 00:22:18,-29.6842,-53.8069,76.3,69,0,5.75
407,Hay River,CA,2022-02-11 00:22:18,60.8156,-115.7999,-7.62,77,75,8.05
408,Qaqortoq,GL,2022-02-11 00:22:18,60.7167,-46.0333,14.5,65,99,7.45
409,Duayaw Nkwanta,GH,2022-02-11 00:22:19,7.1724,-2.1028,71.96,39,0,3.42
410,College,US,2022-02-11 00:22:19,64.8569,-147.8028,-0.74,76,20,0.0
411,Tabou,CI,2022-02-11 00:22:19,4.423,-7.3528,79.07,90,1,7.72
412,Yeppoon,AU,2022-02-11 00:23:20,-23.1333,150.7333,82.18,47,0,8.77
413,Sao Filipe,CV,2022-02-11 00:23:20,14.8961,-24.4956,76.39,62,97,5.41
414,Mglin,RU,2022-02-11 00:23:21,53.0591,32.8475,26.82,97,95,5.32
415,Tshikapa,CD,2022-02-11 00:23:21,-6.4167,20.8,70.61,96,100,1.74
416,Lahaina,US,2022-02-11 00:20:34,20.8783,-156.6825,82.4,75,24,3.33
417,Mitsamiouli,KM,2022-02-11 00:23:21,-11.3847,43.2844,81.32,79,100,10.31
418,Goba,ET,2022-02-11 00:23:22,7.0167,39.9833,49.41,61,57,0.98
419,Ketchikan,US,2022-02-11 00:23:22,55.3422,-131.6461,40.98,65,100,4.61
420,Aquiraz,BR,2022-02-11 00:23:22,-3.9014,-38.3911,82.49,75,95,7.65
421,Soldatskaya,RU,2022-02-11 00:19:19,43.8181,43.8158,30.31,76,12,4.5
422,Canon City,US,2022-02-11 00:23:23,38.441,-105.2424,59.16,21,0,13.8
423,Sibolga,ID,2022-02-11 00:23:23,1.7427,98.7792,74.79,83,99,3.04
424,Padang,ID,2022-02-11 00:23:24,-0.9492,100.3543,73.45,72,100,4.07
425,Rocha,UY,2022-02-11 00:23:24,-34.4833,-54.3333,68.09,75,0,12.12
426,Progreso,MX,2022-02-11 00:23:24,21.2833,-89.6667,74.1,79,12,12.91
427,Barabai,ID,2022-02-11 00:23:25,-2.5833,115.3833,76.06,91,99,0.63
428,Albanel,CA,2022-02-11 00:22:10,48.8832,-72.4487,33.94,74,100,19.57
429,Dikson,RU,2022-02-11 00:23:25,73.5069,80.5464,8.06,91,100,26.6
430,Mitu,CO,2022-02-11 00:23:26,1.1983,-70.1733,76.42,81,94,2.82
431,Touros,BR,2022-02-11 00:23:26,-5.1989,-35.4608,83.3,74,30,12.62
432,Whitianga,NZ,2022-02-11 00:23:26,-36.8333,175.7,79.02,98,99,5.7
433,Galveston,US,2022-02-11 00:23:27,29.3669,-94.9669,67.17,70,0,4.61
434,Gushikawa,JP,2022-02-11 00:23:27,26.3544,127.8686,63.63,82,75,5.75
435,Pangnirtung,CA,2022-02-11 00:23:28,66.1451,-65.7125,-1.52,91,100,8.5
436,Falam,MM,2022-02-11 00:23:28,22.9167,93.6833,47.55,70,37,3.09
437,Micheweni,TZ,2022-02-11 00:23:29,-4.9667,39.8333,80.55,74,97,12.95
438,Kamaishi,JP,2022-02-11 00:23:29,39.2667,141.8833,32.95,64,94,10.67
439,Miranda,CO,2022-02-11 00:23:29,3.2499,-76.2281,73.53,96,95,2.42
440,Sinnamary,GF,2022-02-11 00:23:30,5.3833,-52.95,76.77,86,64,11.48
441,Kinsale,IE,2022-02-11 00:23:30,51.7075,-8.5306,36.77,87,20,3.44
442,Lorengau,PG,2022-02-11 00:23:31,-2.0226,147.2712,82.2,80,100,5.77
443,Saryg-Sep,RU,2022-02-11 00:21:19,51.5,95.6,-28.01,99,97,3.15
444,La Paz,BO,2022-02-11 00:20:06,-16.5,-68.15,48.18,93,75,9.22
445,Chumikan,RU,2022-02-11 00:23:31,54.7183,135.315,8.56,93,100,6.8
446,Shaoyang,CN,2022-02-11 00:23:32,27.2315,111.4525,38.66,94,100,2.24
447,Russell,US,2022-02-11 00:23:32,32.3502,-85.1999,61.83,49,0,0.0
448,Flin Flon,CA,2022-02-11 00:23:32,54.7682,-101.865,-2.36,71,75,13.8
449,Derzhavinsk,KZ,2022-02-11 00:23:33,51.1,66.3167,6.26,96,88,12.57
450,Sasovo,RU,2022-02-11 00:23:38,54.3537,41.9199,30.9,91,99,9.6
451,Pangoa,PE,2022-02-11 00:23:38,-12.1167,-73.0,70.52,82,100,2.33
452,Taujica,HN,2022-02-11 00:23:38,15.7,-85.9167,76.51,93,56,2.01
453,Fengcheng,CN,2022-02-11 00:23:39,40.4536,124.0717,27.19,85,32,0.51
454,Ternate,ID,2022-02-11 00:23:39,0.8,127.4,81.54,79,37,4.59
455,Yerbogachen,RU,2022-02-11 00:23:40,61.2767,108.0108,-16.55,99,93,2.77
456,Vancouver,CA,2022-02-11 00:23:14,49.2497,-123.1193,49.24,94,100,6.91
457,Malanje,AO,2022-02-11 00:23:40,-9.5402,16.341,61.32,78,89,2.1
458,San Juan,AR,2022-02-11 00:23:06,-31.5375,-68.5364,79.47,44,67,20.51
459,Najran,SA,2022-02-11 00:23:41,17.4924,44.1277,57.85,28,22,0.34
460,Chapais,CA,2022-02-11 00:24:41,49.7834,-74.8492,8.38,91,100,9.91
461,Kayerkan,RU,2022-02-11 00:24:42,69.3497,87.7602,-13.14,88,27,9.31
462,Riihimaki,FI,2022-02-11 00:24:42,60.7377,24.7773,29.14,91,70,7.85
463,Santa Cruz,BO,2022-02-11 00:20:31,-17.8,-63.1667,78.26,73,8,5.75
464,Shingu,JP,2022-02-11 00:24:43,33.7333,135.9833,45.91,68,5,5.01
465,Cabo San Lucas,MX,2022-02-11 00:24:43,22.8909,-109.9124,74.61,55,40,8.05
466,Eatonton,US,2022-02-11 00:24:43,33.3268,-83.3885,55.81,46,44,4.65
467,Dakoro,NE,2022-02-11 00:24:44,14.5106,6.765,63.84,11,11,12.08
468,Forestville,US,2022-02-11 00:24:44,38.8451,-76.875,50.18,51,20,0.0
469,Marathon,US,2022-02-11 00:24:45,44.9,-89.7668,25.48,74,100,12.66
470,Gambela,ET,2022-02-11 00:24:45,8.25,34.5833,79.74,35,62,2.62
471,Sola,VU,2022-02-11 00:24:45,-13.8833,167.55,81.7,78,100,20.38
472,Grindavik,IS,2022-02-11 00:24:46,63.8424,-22.4338,32.47,64,75,9.22
473,Rovinj,HR,2022-02-11 00:24:46,45.08,13.64,49.19,88,4,7.25
474,Banfora,BF,2022-02-11 00:24:46,10.6333,-4.7667,78.44,13,0,5.77
475,Havre-Saint-Pierre,CA,2022-02-11 00:24:47,50.2334,-63.5986,28.99,100,100,6.91
476,Nioaque,BR,2022-02-11 00:24:47,-21.1353,-55.83,77.79,56,8,5.66
477,Kaitangata,NZ,2022-02-11 00:24:48,-46.2817,169.8464,65.93,77,90,3.49
478,Novochernorechenskiy,RU,2022-02-11 00:24:48,56.2669,91.0828,-21.41,100,19,2.55
479,Payo,ID,2022-02-11 00:24:48,-3.7508,103.6372,70.74,89,100,1.99
480,Salalah,OM,2022-02-11 00:24:49,17.0151,54.0924,68.09,68,20,3.44
481,Handan,CN,2022-02-11 00:24:49,36.6006,114.4678,37.63,61,99,4.47
482,Saint-Paul,RE,2022-02-11 00:24:50,-21.0096,55.2707,75.31,82,20,6.11
483,Gat,IL,2022-02-11 00:24:02,31.61,34.7642,51.4,100,69,6.42
484,Vuktyl,RU,2022-02-11 00:22:25,63.8567,57.3094,24.17,75,100,13.62
485,Tselinnoye,RU,2022-02-11 00:24:50,53.0833,85.6667,-20.24,100,65,2.53
486,Havoysund,NO,2022-02-11 00:24:51,70.9963,24.6622,29.28,75,100,24.0
487,Turayf,SA,2022-02-11 00:24:51,31.6725,38.6637,37.65,100,0,9.22
488,Bara,NG,2022-02-11 00:24:52,10.3744,10.7288,68.16,17,21,9.66
489,Temirtau,KZ,2022-02-11 00:24:52,50.0544,72.9483,-10.75,100,72,6.89
490,Rundu,NA,2022-02-11 00:24:52,-17.9333,19.7667,67.51,86,47,4.07
491,Usinsk,RU,2022-02-11 00:24:15,65.9939,57.5281,25.27,89,100,20.13
492,Balikpapan,ID,2022-02-11 00:21:37,-1.2675,116.8289,77.99,89,20,2.3
493,Katherine,AU,2022-02-11 00:24:53,-14.4667,132.2667,86.32,66,8,1.14
494,Palana,RU,2022-02-11 00:24:53,59.1167,159.9667,-1.66,83,68,2.73
495,Kozhevnikovo,RU,2022-02-11 00:24:53,56.2589,83.9714,-14.75,96,17,6.04
496,Mustasaari,FI,2022-02-11 00:24:54,63.1142,21.6822,30.15,80,0,6.91
497,Camopi,GF,2022-02-11 00:24:54,3.1655,-52.3158,71.55,99,100,2.68
498,Basco,PH,2022-02-11 00:24:55,20.4487,121.9702,75.06,79,53,16.62
499,Ayan,RU,2022-02-11 00:24:55,56.45,138.1667,11.26,92,100,8.79
500,Bilma,NE,2022-02-11 00:24:55,18.6853,12.9164,61.11,22,0,7.36
501,Buchanan,LR,2022-02-11 00:24:56,5.8808,-10.0467,78.51,91,43,6.26
502,Arvika,SE,2022-02-11 00:24:56,59.6553,12.5852,30.81,76,21,3.51
503,Mandera,KE,2022-02-11 00:24:57,3.9366,41.867,78.51,33,2,5.88
504,Mount Isa,AU,2022-02-11 00:24:57,-20.7333,139.5,89.37,23,23,10.36
505,Oskarshamn,SE,2022-02-11 00:24:57,57.2645,16.4484,35.37,72,29,11.43
506,Huaicheng,CN,2022-02-11 00:22:13,23.9051,112.1931,54.84,97,100,0.87
507,Petropavlovsk-Kamchatskiy,RU,2022-02-11 00:24:58,53.0452,158.6483,12.79,73,0,4.47
508,Khani,GE,2022-02-11 00:25:58,41.9563,42.9566,31.57,89,93,4.81
509,La Primavera,CO,2022-02-11 00:25:59,5.4906,-70.4092,82.89,52,27,5.95
510,Gotsu,JP,2022-02-11 00:25:59,35.0,132.2167,39.34,83,100,1.48
511,Onega,RU,2022-02-11 00:25:59,63.9061,38.1404,17.06,98,74,5.91
512,Porto Nacional,BR,2022-02-11 00:26:00,-10.7081,-48.4172,75.2,95,99,2.3
513,Hida,RO,2022-02-11 00:26:00,47.0667,23.2833,34.34,94,89,3.85
514,Mandiana,GN,2022-02-11 00:26:00,10.6333,-8.6833,74.86,16,0,5.59
515,Virginia Beach,US,2022-02-11 00:25:42,36.8529,-75.978,59.02,44,10,10.42
516,Jiwani,PK,2022-02-11 00:24:08,25.05,61.7417,69.33,59,0,8.05
517,Key West,US,2022-02-11 00:22:56,24.5557,-81.7826,71.6,69,100,10.36
518,Constitucion,CL,2022-02-11 00:26:01,-35.3333,-72.4167,59.25,78,100,5.91
519,Ulaanbaatar,MN,2022-02-11 00:24:45,47.9077,106.8832,-27.27,68,0,2.24
520,Den Helder,NL,2022-02-11 00:26:02,52.9599,4.7593,43.95,82,75,28.99
521,Champasak,LA,2022-02-11 00:26:02,14.75,106.0,76.08,79,94,1.32
522,Pozo Colorado,PY,2022-02-11 00:26:02,-23.4923,-58.7972,84.63,26,1,4.14
523,Rafaela,AR,2022-02-11 00:26:03,-31.2503,-61.4867,83.98,30,14,1.01
524,Caribou,US,2022-02-11 00:22:29,46.8606,-68.012,34.23,89,100,8.05
525,Leh,IN,2022-02-11 00:26:03,34.1667,77.5833,-11.58,86,85,3.87
526,Portree,GB,2022-02-11 00:26:04,57.4129,-6.1942,42.85,81,10,4.03
527,Noumea,NC,2022-02-11 00:26:04,-22.2763,166.4572,81.0,99,100,22.32
528,Mosquera,CO,2022-02-11 00:24:45,4.7059,-74.2302,55.49,88,75,6.91
529,Puerto Del Rosario,ES,2022-02-11 00:26:04,28.5004,-13.8627,67.68,48,28,2.3
530,Sao Raimundo Das Mangabeiras,BR,2022-02-11 00:26:05,-7.0219,-45.4811,73.94,91,93,4.9
531,Los Alamos,US,2022-02-11 00:26:05,35.8881,-106.307,46.8,45,0,0.0
532,Kloulklubed,PW,2022-02-11 00:26:06,7.0419,134.2556,82.9,76,100,16.17
533,Biggar,GB,2022-02-11 00:26:06,55.6167,-3.5167,33.91,90,10,2.73
534,Eyemouth,GB,2022-02-11 00:26:07,55.8713,-2.0901,37.44,67,34,14.34
535,Fare,PF,2022-02-11 00:26:07,-16.7,-151.0167,81.61,73,86,15.35
536,Lar,IN,2022-02-11 00:26:07,26.2039,83.9717,50.4,86,0,8.05
537,Taloqan,AF,2022-02-11 00:26:08,36.7361,69.5345,39.81,41,32,8.01
538,Henties Bay,NA,2022-02-11 00:26:08,-22.116,14.2845,69.85,83,67,6.11
539,Poum,NC,2022-02-11 00:26:09,-20.2333,164.0167,81.32,83,100,24.56
540,Rosetown,CA,2022-02-11 00:26:09,51.5501,-108.0014,37.38,75,62,28.77
541,Peace River,CA,2022-02-11 00:22:41,56.2501,-117.286,39.51,70,100,18.41
542,Tharad,IN,2022-02-11 00:26:10,24.3961,71.6267,58.87,35,0,8.7
543,Sri Aman,MY,2022-02-11 00:26:10,1.2376,111.4621,75.25,94,40,2.3
544,Gao,ML,2022-02-11 00:23:05,16.6362,1.637,68.97,8,0,11.56
545,Zhigansk,RU,2022-02-11 00:26:11,66.7697,123.3711,-26.72,97,100,11.86
546,Berlevag,NO,2022-02-11 00:26:11,70.8578,29.0864,22.93,76,94,13.42
547,Aketi,CD,2022-02-11 00:26:12,2.7388,23.7833,78.89,36,98,1.19
548,Gravdal,NO,2022-02-11 00:26:12,68.1214,13.5031,31.62,58,100,23.8
549,Roald,NO,2022-02-11 00:26:12,62.5833,6.1333,32.9,69,75,9.22
550,Cayenne,GF,2022-02-11 00:26:13,4.9333,-52.3333,77.09,89,100,5.75
551,Port-Cartier,CA,2022-02-11 00:26:13,50.0334,-66.8654,28.74,98,100,3.65
552,Mogadouro,PT,2022-02-11 00:26:13,41.3403,-6.7119,42.78,63,100,2.08
553,Venado Tuerto,AR,2022-02-11 00:26:14,-33.7456,-61.9688,75.88,28,0,7.09
554,Udala,ES,2022-02-11 00:27:14,43.0778,-2.5125,49.23,83,98,1.25
555,Tazovskiy,RU,2022-02-11 00:27:14,67.4667,78.7,1.45,83,20,16.17
556,Nemuro,JP,2022-02-11 00:27:15,43.3236,145.575,18.03,71,77,6.8
557,Parsons,US,2022-02-11 00:27:15,37.3403,-95.2611,53.06,49,26,9.35
558,Belturbet,IE,2022-02-11 00:27:16,54.1,-7.45,32.63,96,12,3.22
559,Afzalgarh,IN,2022-02-11 00:27:16,29.4,78.6833,47.77,81,0,4.32
560,Along,IN,2022-02-11 00:27:16,28.1667,94.7667,52.21,98,100,1.83
561,Macau,MO,2022-02-11 00:27:17,22.2006,113.5461,65.93,88,20,8.05
562,Matara,LK,2022-02-11 00:27:17,5.9485,80.5353,74.39,90,46,5.73
